V,t
0.0,0.0
0.04,0.01
0.0796,0.02
0.118804,0.03
0.15761596,0.04
0.1960398004,0.05
0.234079402396,0.06
0.271738608372,0.07
0.309021222288,0.08
0.345931010065,0.09
0.382471699965,0.1
0.418646982965,0.11
0.454460513135,0.12
0.489915908004,0.13
0.525016748924,0.14
0.559766581435,0.15
0.59416891562,0.16
0.628227226464,0.17
0.6619449542,0.18
0.695325504658,0.19
0.728372249611,0.2
0.761088527115,0.21
0.793477641844,0.22
0.825542865425,0.23
0.857287436771,0.24
0.888714562403,0.25
0.919827416779,0.26
0.950629142612,0.27
0.981122851185,0.28
1.01131162267,0.29
1.04119850645,0.3
1.07078652138,0.31
1.10007865617,0.32
1.12907786961,0.33
1.15778709091,0.34
1.18620922,0.35
1.2143471278,0.36
1.24220365652,0.37
1.26978161996,0.38
1.29708380376,0.39
1.32411296572,0.4
1.35087183606,0.41
1.3773631177,0.42
1.40358948653,0.43
1.42955359166,0.44
1.45525805574,0.45
1.48070547519,0.46
1.50589842044,0.47
1.53083943623,0.48
1.55553104187,0.49
1.57997573145,0.5
1.60417597414,0.51
1.62813421439,0.52
1.65185287225,0.53
1.67533434353,0.54
1.69858100009,0.55
1.72159519009,0.56
1.74437923819,0.57
1.76693544581,0.58
1.78926609135,0.59
1.81137343044,0.6
1.83325969613,0.61
1.85492709917,0.62
1.87637782818,0.63
1.8976140499,0.64
1.9186379094,0.65
1.9394515303,0.66
1.960057015,0.67
1.98045644485,0.68
2.0006518804,0.69
2.0206453616,0.7
2.04043890798,0.71
2.0600345189,0.72
2.07943417371,0.73
2.09863983198,0.74
2.11765343366,0.75
2.13647689932,0.76
2.15511213033,0.77
2.17356100902,0.78
2.19182539893,0.79
2.20990714494,0.8
2.2278080735,0.81
2.24552999276,0.82
2.26307469283,0.83
2.2804439459,0.84
2.29763950645,0.85
2.31466311138,0.86
2.33151648027,0.87
2.34820131546,0.88
2.36471930231,0.89
2.38107210929,0.9
2.39726138819,0.91
2.41328877431,0.92
2.42915588657,0.93
2.4448643277,0.94
2.46041568443,0.95
2.47581152758,0.96
2.49105341231,0.97
2.50614287818,0.98
2.5210814494,0.99
2.53587063491,1.0
2.55051192856,1.01
2.56500680927,1.02
2.57935674118,1.03
2.59356317377,1.04
2.60762754203,1.05
2.62155126661,1.06
2.63533575394,1.07
2.6489823964,1.08
2.66249257244,1.09
2.67586764672,1.1
2.68910897025,1.11
2.70221788055,1.12
2.71519570174,1.13
2.72804374472,1.14
2.74076330728,1.15
2.7533556742,1.16
2.76582211746,1.17
2.77816389629,1.18
2.79038225732,1.19
2.80247843475,1.2
2.8144536504,1.21
2.8263091139,1.22
2.83804602276,1.23
2.84966556253,1.24
2.86116890691,1.25
2.87255721784,1.26
2.88383164566,1.27
2.8949933292,1.28
2.90604339591,1.29
2.91698296195,1.3
2.92781313233,1.31
2.93853500101,1.32
2.949149651,1.33
2.95965815449,1.34
2.97006157294,1.35
2.98036095721,1.36
2.99055734764,1.37
0.0,1.38
0.04,1.39
0.0796,1.4
0.118804,1.41
0.15761596,1.42
0.1960398004,1.43
0.234079402396,1.44
0.271738608372,1.45
0.309021222288,1.46
0.345931010065,1.47
0.382471699965,1.48
0.418646982965,1.49
0.454460513135,1.5
0.489915908004,1.51
0.525016748924,1.52
0.559766581435,1.53
0.59416891562,1.54
0.628227226464,1.55
0.6619449542,1.56
0.695325504658,1.57
0.728372249611,1.58
0.761088527115,1.59
0.793477641844,1.6
0.825542865425,1.61
0.857287436771,1.62
0.888714562403,1.63
0.919827416779,1.64
0.950629142612,1.65
0.981122851185,1.66
1.01131162267,1.67
1.04119850645,1.68
1.07078652138,1.69
1.10007865617,1.7
1.12907786961,1.71
1.15778709091,1.72
1.18620922,1.73
1.2143471278,1.74
1.24220365652,1.75
1.26978161996,1.76
1.29708380376,1.77
1.32411296572,1.78
1.35087183606,1.79
1.3773631177,1.8
1.40358948653,1.81
1.42955359166,1.82
1.45525805574,1.83
1.48070547519,1.84
1.50589842044,1.85
1.53083943623,1.86
1.55553104187,1.87
1.57997573145,1.88
1.60417597414,1.89
1.62813421439,1.9
1.65185287225,1.91
1.67533434353,1.92
1.69858100009,1.93
1.72159519009,1.94
1.74437923819,1.95
1.76693544581,1.96
1.78926609135,1.97
1.81137343044,1.98
1.83325969613,1.99
1.85492709917,2.0
1.87637782818,2.01
1.8976140499,2.02
1.9186379094,2.03
1.9394515303,2.04
1.960057015,2.05
1.98045644485,2.06
2.0006518804,2.07
2.0206453616,2.08
2.04043890798,2.09
2.0600345189,2.1
2.07943417371,2.11
2.09863983198,2.12
2.11765343366,2.13
2.13647689932,2.14
2.15511213033,2.15
2.17356100902,2.16
2.19182539893,2.17
2.20990714494,2.18
2.2278080735,2.19
2.24552999276,2.2
2.26307469283,2.21
2.2804439459,2.22
2.29763950645,2.23
2.31466311138,2.24
2.33151648027,2.25
2.34820131546,2.26
2.36471930231,2.27
2.38107210929,2.28
2.39726138819,2.29
2.41328877431,2.3
2.42915588657,2.31
2.4448643277,2.32
2.46041568443,2.33
2.47581152758,2.34
2.49105341231,2.35
2.50614287818,2.36
2.5210814494,2.37
2.53587063491,2.38
2.55051192856,2.39
2.56500680927,2.4
2.57935674118,2.41
2.59356317377,2.42
2.60762754203,2.43
2.62155126661,2.44
2.63533575394,2.45
2.6489823964,2.46
2.66249257244,2.47
2.67586764672,2.48
2.68910897025,2.49
2.70221788055,2.5
2.71519570174,2.51
2.72804374472,2.52
2.74076330728,2.53
2.7533556742,2.54
2.76582211746,2.55
2.77816389629,2.56
2.79038225732,2.57
2.80247843475,2.58
2.8144536504,2.59
2.8263091139,2.6
2.83804602276,2.61
2.84966556253,2.62
2.86116890691,2.63
2.87255721784,2.64
2.88383164566,2.65
2.8949933292,2.66
2.90604339591,2.67
2.91698296195,2.68
2.92781313233,2.69
2.93853500101,2.7
2.949149651,2.71
2.95965815449,2.72
2.97006157294,2.73
2.98036095721,2.74
2.99055734764,2.75
0.0,2.76
0.04,2.77
0.0796,2.78
0.118804,2.79
0.15761596,2.8
0.1960398004,2.81
0.234079402396,2.82
0.271738608372,2.83
0.309021222288,2.84
0.345931010065,2.85
0.382471699965,2.86
0.418646982965,2.87
0.454460513135,2.88
0.489915908004,2.89
0.525016748924,2.9
0.559766581435,2.91
0.59416891562,2.92
0.628227226464,2.93
0.6619449542,2.94
0.695325504658,2.95
0.728372249611,2.96
0.761088527115,2.97
0.793477641844,2.98
0.825542865425,2.99
0.857287436771,3.0
0.888714562403,3.01
0.919827416779,3.02
0.950629142612,3.03
0.981122851185,3.04
1.01131162267,3.05
1.04119850645,3.06
1.07078652138,3.07
1.10007865617,3.08
1.12907786961,3.09
1.15778709091,3.1
1.18620922,3.11
1.2143471278,3.12
1.24220365652,3.13
1.26978161996,3.14
1.29708380376,3.15
1.32411296572,3.16
1.35087183606,3.17
1.3773631177,3.18
1.40358948653,3.19
1.42955359166,3.2
1.45525805574,3.21
1.48070547519,3.22
1.50589842044,3.23
1.53083943623,3.24
1.55553104187,3.25
1.57997573145,3.26
1.60417597414,3.27
1.62813421439,3.28
1.65185287225,3.29
1.67533434353,3.3
1.69858100009,3.31
1.72159519009,3.32
1.74437923819,3.33
1.76693544581,3.34
1.78926609135,3.35
1.81137343044,3.36
1.83325969613,3.37
1.85492709917,3.38
1.87637782818,3.39
1.8976140499,3.4
1.9186379094,3.41
1.9394515303,3.42
1.960057015,3.43
1.98045644485,3.44
2.0006518804,3.45
2.0206453616,3.46
2.04043890798,3.47
2.0600345189,3.48
2.07943417371,3.49
2.09863983198,3.5
2.11765343366,3.51
2.13647689932,3.52
2.15511213033,3.53
2.17356100902,3.54
2.19182539893,3.55
2.20990714494,3.56
2.2278080735,3.57
2.24552999276,3.58
2.26307469283,3.59
2.2804439459,3.6
2.29763950645,3.61
2.31466311138,3.62
2.33151648027,3.63
2.34820131546,3.64
2.36471930231,3.65
2.38107210929,3.66
2.39726138819,3.67
2.41328877431,3.68
2.42915588657,3.69
2.4448643277,3.7
2.46041568443,3.71
2.47581152758,3.72
2.49105341231,3.73
2.50614287818,3.74
2.5210814494,3.75
2.53587063491,3.76
2.55051192856,3.77
2.56500680927,3.78
2.57935674118,3.79
2.59356317377,3.8
2.60762754203,3.81
2.62155126661,3.82
2.63533575394,3.83
2.6489823964,3.84
2.66249257244,3.85
2.67586764672,3.86
2.68910897025,3.87
2.70221788055,3.88
2.71519570174,3.89
2.72804374472,3.9
2.74076330728,3.91
2.7533556742,3.92
2.76582211746,3.93
2.77816389629,3.94
2.79038225732,3.95
2.80247843475,3.96
2.8144536504,3.97
2.8263091139,3.98
2.83804602276,3.99
2.84966556253,4.0
2.86116890691,4.01
2.87255721784,4.02
2.88383164566,4.03
2.8949933292,4.04
2.90604339591,4.05
2.91698296195,4.06
2.92781313233,4.07
2.93853500101,4.08
2.949149651,4.09
2.95965815449,4.1
2.97006157294,4.11
2.98036095721,4.12
2.99055734764,4.13
0.0,4.14
0.04,4.15
0.0796,4.16
0.118804,4.17
0.15761596,4.18
0.1960398004,4.19
0.234079402396,4.2
0.271738608372,4.21
0.309021222288,4.22
0.345931010065,4.23
0.382471699965,4.24
0.418646982965,4.25
0.454460513135,4.26
0.489915908004,4.27
0.525016748924,4.28
0.559766581435,4.29
0.59416891562,4.3
0.628227226464,4.31
0.6619449542,4.32
0.695325504658,4.33
0.728372249611,4.34
0.761088527115,4.35
0.793477641844,4.36
0.825542865425,4.37
0.857287436771,4.38
0.888714562403,4.39
0.919827416779,4.4
0.950629142612,4.41
0.981122851185,4.42
1.01131162267,4.43
1.04119850645,4.44
1.07078652138,4.45
1.10007865617,4.46
1.12907786961,4.47
1.15778709091,4.48
1.18620922,4.49
1.2143471278,4.5
1.24220365652,4.51
1.26978161996,4.52
1.29708380376,4.53
1.32411296572,4.54
1.35087183606,4.55
1.3773631177,4.56
1.40358948653,4.57
1.42955359166,4.58
1.45525805574,4.59
1.48070547519,4.6
1.50589842044,4.61
1.53083943623,4.62
1.55553104187,4.63
1.57997573145,4.64
1.60417597414,4.65
1.62813421439,4.66
1.65185287225,4.67
1.67533434353,4.68
1.69858100009,4.69
1.72159519009,4.7
1.74437923819,4.71
1.76693544581,4.72
1.78926609135,4.73
1.81137343044,4.74
1.83325969613,4.75
1.85492709917,4.76
1.87637782818,4.77
1.8976140499,4.78
1.9186379094,4.79
1.9394515303,4.8
1.960057015,4.81
1.98045644485,4.82
2.0006518804,4.83
2.0206453616,4.84
2.04043890798,4.85
2.0600345189,4.86
2.07943417371,4.87
2.09863983198,4.88
2.11765343366,4.89
2.13647689932,4.9
2.15511213033,4.91
2.17356100902,4.92
2.19182539893,4.93
2.20990714494,4.94
2.2278080735,4.95
2.24552999276,4.96
2.26307469283,4.97
2.2804439459,4.98
2.29763950645,4.99
2.31466311138,5.0
2.33151648027,5.01
2.34820131546,5.02
2.36471930231,5.03
2.38107210929,5.04
2.39726138819,5.05
2.41328877431,5.06
2.42915588657,5.07
2.4448643277,5.08
2.46041568443,5.09
2.47581152758,5.1
2.49105341231,5.11
2.50614287818,5.12
2.5210814494,5.13
2.53587063491,5.14
2.55051192856,5.15
2.56500680927,5.16
2.57935674118,5.17
2.59356317377,5.18
2.60762754203,5.19
2.62155126661,5.2
2.63533575394,5.21
2.6489823964,5.22
2.66249257244,5.23
2.67586764672,5.24
2.68910897025,5.25
2.70221788055,5.26
2.71519570174,5.27
2.72804374472,5.28
2.74076330728,5.29
2.7533556742,5.3
2.76582211746,5.31
2.77816389629,5.32
2.79038225732,5.33
2.80247843475,5.34
2.8144536504,5.35
2.8263091139,5.36
2.83804602276,5.37
2.84966556253,5.38
2.86116890691,5.39
2.87255721784,5.4
2.88383164566,5.41
2.8949933292,5.42
2.90604339591,5.43
2.91698296195,5.44
2.92781313233,5.45
2.93853500101,5.46
2.949149651,5.47
2.95965815449,5.48
2.97006157294,5.49
2.98036095721,5.5
2.99055734764,5.51
0.0,5.52
0.04,5.53
0.0796,5.54
0.118804,5.55
0.15761596,5.56
0.1960398004,5.57
0.234079402396,5.58
0.271738608372,5.59
0.309021222288,5.6
0.345931010065,5.61
0.382471699965,5.62
0.418646982965,5.63
0.454460513135,5.64
0.489915908004,5.65
0.525016748924,5.66
0.559766581435,5.67
0.59416891562,5.68
0.628227226464,5.69
0.6619449542,5.7
0.695325504658,5.71
0.728372249611,5.72
0.761088527115,5.73
0.793477641844,5.74
0.825542865425,5.75
0.857287436771,5.76
0.888714562403,5.77
0.919827416779,5.78
0.950629142612,5.79
0.981122851185,5.8
1.01131162267,5.81
1.04119850645,5.82
1.07078652138,5.83
1.10007865617,5.84
1.12907786961,5.85
1.15778709091,5.86
1.18620922,5.87
1.2143471278,5.88
1.24220365652,5.89
1.26978161996,5.9
1.29708380376,5.91
1.32411296572,5.92
1.35087183606,5.93
1.3773631177,5.94
1.40358948653,5.95
1.42955359166,5.96
1.45525805574,5.97
1.48070547519,5.98
1.50589842044,5.99
1.53083943623,6.0
1.55553104187,6.01
1.57997573145,6.02
1.60417597414,6.03
1.62813421439,6.04
1.65185287225,6.05
1.67533434353,6.06
1.69858100009,6.07
1.72159519009,6.08
1.74437923819,6.09
1.76693544581,6.1
1.78926609135,6.11
1.81137343044,6.12
1.83325969613,6.13
1.85492709917,6.14
1.87637782818,6.15
1.8976140499,6.16
1.9186379094,6.17
1.9394515303,6.18
1.960057015,6.19
1.98045644485,6.2
2.0006518804,6.21
2.0206453616,6.22
2.04043890798,6.23
2.0600345189,6.24
2.07943417371,6.25
2.09863983198,6.26
2.11765343366,6.27
2.13647689932,6.28
2.15511213033,6.29
2.17356100902,6.3
2.19182539893,6.31
2.20990714494,6.32
2.2278080735,6.33
2.24552999276,6.34
2.26307469283,6.35
2.2804439459,6.36
2.29763950645,6.37
2.31466311138,6.38
2.33151648027,6.39
2.34820131546,6.4
2.36471930231,6.41
2.38107210929,6.42
2.39726138819,6.43
2.41328877431,6.44
2.42915588657,6.45
2.4448643277,6.46
2.46041568443,6.47
2.47581152758,6.48
2.49105341231,6.49
2.50614287818,6.5
2.5210814494,6.51
2.53587063491,6.52
2.55051192856,6.53
2.56500680927,6.54
2.57935674118,6.55
2.59356317377,6.56
2.60762754203,6.57
2.62155126661,6.58
2.63533575394,6.59
2.6489823964,6.6
2.66249257244,6.61
2.67586764672,6.62
2.68910897025,6.63
2.70221788055,6.64
2.71519570174,6.65
2.72804374472,6.66
2.74076330728,6.67
2.7533556742,6.68
2.76582211746,6.69
2.77816389629,6.7
2.79038225732,6.71
2.80247843475,6.72
2.8144536504,6.73
2.8263091139,6.74
2.83804602276,6.75
2.84966556253,6.76
2.86116890691,6.77
2.87255721784,6.78
2.88383164566,6.79
2.8949933292,6.8
2.90604339591,6.81
2.91698296195,6.82
2.92781313233,6.83
2.93853500101,6.84
2.949149651,6.85
2.95965815449,6.86
2.97006157294,6.87
2.98036095721,6.88
2.99055734764,6.89
0.0,6.9
0.04,6.91
0.0796,6.92
0.118804,6.93
0.15761596,6.94
0.1960398004,6.95
0.234079402396,6.96
0.271738608372,6.97
0.309021222288,6.98
0.345931010065,6.99
0.382471699965,7.0
0.418646982965,7.01
0.454460513135,7.02
0.489915908004,7.03
0.525016748924,7.04
0.559766581435,7.05
0.59416891562,7.06
0.628227226464,7.07
0.6619449542,7.08
0.695325504658,7.09
0.728372249611,7.1
0.761088527115,7.11
0.793477641844,7.12
0.825542865425,7.13
0.857287436771,7.14
0.888714562403,7.15
0.919827416779,7.16
0.950629142612,7.17
0.981122851185,7.18
1.01131162267,7.19
1.04119850645,7.2
1.07078652138,7.21
1.10007865617,7.22
1.12907786961,7.23
1.15778709091,7.24
1.18620922,7.25
1.2143471278,7.26
1.24220365652,7.27
1.26978161996,7.28
1.29708380376,7.29
1.32411296572,7.3
1.35087183606,7.31
1.3773631177,7.32
1.40358948653,7.33
1.42955359166,7.34
1.45525805574,7.35
1.48070547519,7.36
1.50589842044,7.37
1.53083943623,7.38
1.55553104187,7.39
1.57997573145,7.4
1.60417597414,7.41
1.62813421439,7.42
1.65185287225,7.43
1.67533434353,7.44
1.69858100009,7.45
1.72159519009,7.46
1.74437923819,7.47
1.76693544581,7.48
1.78926609135,7.49
1.81137343044,7.5
1.83325969613,7.51
1.85492709917,7.52
1.87637782818,7.53
1.8976140499,7.54
1.9186379094,7.55
1.9394515303,7.56
1.960057015,7.57
1.98045644485,7.58
2.0006518804,7.59
2.0206453616,7.6
2.04043890798,7.61
2.0600345189,7.62
2.07943417371,7.63
2.09863983198,7.64
2.11765343366,7.65
2.13647689932,7.66
2.15511213033,7.67
2.17356100902,7.68
2.19182539893,7.69
2.20990714494,7.7
2.2278080735,7.71
2.24552999276,7.72
2.26307469283,7.73
2.2804439459,7.74
2.29763950645,7.75
2.31466311138,7.76
2.33151648027,7.77
2.34820131546,7.78
2.36471930231,7.79
2.38107210929,7.8
2.39726138819,7.81
2.41328877431,7.82
2.42915588657,7.83
2.4448643277,7.84
2.46041568443,7.85
2.47581152758,7.86
2.49105341231,7.87
2.50614287818,7.88
2.5210814494,7.89
2.53587063491,7.9
2.55051192856,7.91
2.56500680927,7.92
2.57935674118,7.93
2.59356317377,7.94
2.60762754203,7.95
2.62155126661,7.96
2.63533575394,7.97
2.6489823964,7.98
2.66249257244,7.99
2.67586764672,8.0
2.68910897025,8.01
2.70221788055,8.02
2.71519570174,8.03
2.72804374472,8.04
2.74076330728,8.05
2.7533556742,8.06
2.76582211746,8.07
2.77816389629,8.08
2.79038225732,8.09
2.80247843475,8.1
2.8144536504,8.11
2.8263091139,8.12
2.83804602276,8.13
2.84966556253,8.14
2.86116890691,8.15
2.87255721784,8.16
2.88383164566,8.17
2.8949933292,8.18
2.90604339591,8.19
2.91698296195,8.2
2.92781313233,8.21
2.93853500101,8.22
2.949149651,8.23
2.95965815449,8.24
2.97006157294,8.25
2.98036095721,8.26
2.99055734764,8.27
0.0,8.28
0.04,8.29
0.0796,8.3
0.118804,8.31
0.15761596,8.32
0.1960398004,8.33
0.234079402396,8.34
0.271738608372,8.35
0.309021222288,8.36
0.345931010065,8.37
0.382471699965,8.38
0.418646982965,8.39
0.454460513135,8.4
0.489915908004,8.41
0.525016748924,8.42
0.559766581435,8.43
0.59416891562,8.44
0.628227226464,8.45
0.6619449542,8.46
0.695325504658,8.47
0.728372249611,8.48
0.761088527115,8.49
0.793477641844,8.5
0.825542865425,8.51
0.857287436771,8.52
0.888714562403,8.53
0.919827416779,8.54
0.950629142612,8.55
0.981122851185,8.56
1.01131162267,8.57
1.04119850645,8.58
1.07078652138,8.59
1.10007865617,8.6
1.12907786961,8.61
1.15778709091,8.62
1.18620922,8.63
1.2143471278,8.64
1.24220365652,8.65
1.26978161996,8.66
1.29708380376,8.67
1.32411296572,8.68
1.35087183606,8.69
1.3773631177,8.7
1.40358948653,8.71
1.42955359166,8.72
1.45525805574,8.73
1.48070547519,8.74
1.50589842044,8.75
1.53083943623,8.76
1.55553104187,8.77
1.57997573145,8.78
1.60417597414,8.79
1.62813421439,8.8
1.65185287225,8.81
1.67533434353,8.82
1.69858100009,8.83
1.72159519009,8.84
1.74437923819,8.85
1.76693544581,8.86
1.78926609135,8.87
1.81137343044,8.88
1.83325969613,8.89
1.85492709917,8.9
1.87637782818,8.91
1.8976140499,8.92
1.9186379094,8.93
1.9394515303,8.94
1.960057015,8.95
1.98045644485,8.96
2.0006518804,8.97
2.0206453616,8.98
2.04043890798,8.99
2.0600345189,9.0
2.07943417371,9.01
2.09863983198,9.02
2.11765343366,9.03
2.13647689932,9.04
2.15511213033,9.05
2.17356100902,9.06
2.19182539893,9.07
2.20990714494,9.08
2.2278080735,9.09
2.24552999276,9.1
2.26307469283,9.11
2.2804439459,9.12
2.29763950645,9.13
2.31466311138,9.14
2.33151648027,9.15
2.34820131546,9.16
2.36471930231,9.17
2.38107210929,9.18
2.39726138819,9.19
2.41328877431,9.2
2.42915588657,9.21
2.4448643277,9.22
2.46041568443,9.23
2.47581152758,9.24
2.49105341231,9.25
2.50614287818,9.26
2.5210814494,9.27
2.53587063491,9.28
2.55051192856,9.29
2.56500680927,9.3
2.57935674118,9.31
2.59356317377,9.32
2.60762754203,9.33
2.62155126661,9.34
2.63533575394,9.35
2.6489823964,9.36
2.66249257244,9.37
2.67586764672,9.38
2.68910897025,9.39
2.70221788055,9.4
2.71519570174,9.41
2.72804374472,9.42
2.74076330728,9.43
2.7533556742,9.44
2.76582211746,9.45
2.77816389629,9.46
2.79038225732,9.47
2.80247843475,9.48
2.8144536504,9.49
2.8263091139,9.5
2.83804602276,9.51
2.84966556253,9.52
2.86116890691,9.53
2.87255721784,9.54
2.88383164566,9.55
2.8949933292,9.56
2.90604339591,9.57
2.91698296195,9.58
2.92781313233,9.59
2.93853500101,9.6
2.949149651,9.61
2.95965815449,9.62
2.97006157294,9.63
2.98036095721,9.64
2.99055734764,9.65
0.0,9.66
0.04,9.67
0.0796,9.68
0.118804,9.69
0.15761596,9.7
0.1960398004,9.71
0.234079402396,9.72
0.271738608372,9.73
0.309021222288,9.74
0.345931010065,9.75
0.382471699965,9.76
0.418646982965,9.77
0.454460513135,9.78
0.489915908004,9.79
0.525016748924,9.8
0.559766581435,9.81
0.59416891562,9.82
0.628227226464,9.83
0.6619449542,9.84
0.695325504658,9.85
0.728372249611,9.86
0.761088527115,9.87
0.793477641844,9.88
0.825542865425,9.89
0.857287436771,9.9
0.888714562403,9.91
0.919827416779,9.92
0.950629142612,9.93
0.981122851185,9.94
1.01131162267,9.95
1.04119850645,9.96
1.07078652138,9.97
1.10007865617,9.98
1.12907786961,9.99
1.15778709091,10.0
1.18620922,10.01
1.2143471278,10.02
1.24220365652,10.03
1.26978161996,10.04
1.29708380376,10.05
1.32411296572,10.06
1.35087183606,10.07
1.3773631177,10.08
1.40358948653,10.09
1.42955359166,10.1
1.45525805574,10.11
1.48070547519,10.12
1.50589842044,10.13
1.53083943623,10.14
1.55553104187,10.15
1.57997573145,10.16
1.60417597414,10.17
1.62813421439,10.18
1.65185287225,10.19
1.67533434353,10.2
1.69858100009,10.21
1.72159519009,10.22
1.74437923819,10.23
1.76693544581,10.24
1.78926609135,10.25
1.81137343044,10.26
1.83325969613,10.27
1.85492709917,10.28
1.87637782818,10.29
1.8976140499,10.3
1.9186379094,10.31
1.9394515303,10.32
1.960057015,10.33
1.98045644485,10.34
2.0006518804,10.35
2.0206453616,10.36
2.04043890798,10.37
2.0600345189,10.38
2.07943417371,10.39
2.09863983198,10.4
2.11765343366,10.41
2.13647689932,10.42
2.15511213033,10.43
2.17356100902,10.44
2.19182539893,10.45
2.20990714494,10.46
2.2278080735,10.47
2.24552999276,10.48
2.26307469283,10.49
2.2804439459,10.5
2.29763950645,10.51
2.31466311138,10.52
2.33151648027,10.53
2.34820131546,10.54
2.36471930231,10.55
2.38107210929,10.56
2.39726138819,10.57
2.41328877431,10.58
2.42915588657,10.59
2.4448643277,10.6
2.46041568443,10.61
2.47581152758,10.62
2.49105341231,10.63
2.50614287818,10.64
2.5210814494,10.65
2.53587063491,10.66
2.55051192856,10.67
2.56500680927,10.68
2.57935674118,10.69
2.59356317377,10.7
2.60762754203,10.71
2.62155126661,10.72
2.63533575394,10.73
2.6489823964,10.74
2.66249257244,10.75
2.67586764672,10.76
2.68910897025,10.77
2.70221788055,10.78
2.71519570174,10.79
2.72804374472,10.8
2.74076330728,10.81
2.7533556742,10.82
2.76582211746,10.83
2.77816389629,10.84
2.79038225732,10.85
2.80247843475,10.86
2.8144536504,10.87
2.8263091139,10.88
2.83804602276,10.89
2.84966556253,10.9
2.86116890691,10.91
2.87255721784,10.92
2.88383164566,10.93
2.8949933292,10.94
2.90604339591,10.95
2.91698296195,10.96
2.92781313233,10.97
2.93853500101,10.98
2.949149651,10.99
2.95965815449,11.0
2.97006157294,11.01
2.98036095721,11.02
2.99055734764,11.03
0.0,11.04
0.04,11.05
0.0796,11.06
0.118804,11.07
0.15761596,11.08
0.1960398004,11.09
0.234079402396,11.1
0.271738608372,11.11
0.309021222288,11.12
0.345931010065,11.13
0.382471699965,11.14
0.418646982965,11.15
0.454460513135,11.16
0.489915908004,11.17
0.525016748924,11.18
0.559766581435,11.19
0.59416891562,11.2
0.628227226464,11.21
0.6619449542,11.22
0.695325504658,11.23
0.728372249611,11.24
0.761088527115,11.25
0.793477641844,11.26
0.825542865425,11.27
0.857287436771,11.28
0.888714562403,11.29
0.919827416779,11.3
0.950629142612,11.31
0.981122851185,11.32
1.01131162267,11.33
1.04119850645,11.34
1.07078652138,11.35
1.10007865617,11.36
1.12907786961,11.37
1.15778709091,11.38
1.18620922,11.39
1.2143471278,11.4
1.24220365652,11.41
1.26978161996,11.42
1.29708380376,11.43
1.32411296572,11.44
1.35087183606,11.45
1.3773631177,11.46
1.40358948653,11.47
1.42955359166,11.48
1.45525805574,11.49
1.48070547519,11.5
1.50589842044,11.51
1.53083943623,11.52
1.55553104187,11.53
1.57997573145,11.54
1.60417597414,11.55
1.62813421439,11.56
1.65185287225,11.57
1.67533434353,11.58
1.69858100009,11.59
1.72159519009,11.6
1.74437923819,11.61
1.76693544581,11.62
1.78926609135,11.63
1.81137343044,11.64
1.83325969613,11.65
1.85492709917,11.66
1.87637782818,11.67
1.8976140499,11.68
1.9186379094,11.69
1.9394515303,11.7
1.960057015,11.71
1.98045644485,11.72
2.0006518804,11.73
2.0206453616,11.74
2.04043890798,11.75
2.0600345189,11.76
2.07943417371,11.77
2.09863983198,11.78
2.11765343366,11.79
2.13647689932,11.8
2.15511213033,11.81
2.17356100902,11.82
2.19182539893,11.83
2.20990714494,11.84
2.2278080735,11.85
2.24552999276,11.86
2.26307469283,11.87
2.2804439459,11.88
2.29763950645,11.89
2.31466311138,11.9
2.33151648027,11.91
2.34820131546,11.92
2.36471930231,11.93
2.38107210929,11.94
2.39726138819,11.95
2.41328877431,11.96
2.42915588657,11.97
2.4448643277,11.98
2.46041568443,11.99
2.47581152758,12.0
2.49105341231,12.01
2.50614287818,12.02
2.5210814494,12.03
2.53587063491,12.04
2.55051192856,12.05
2.56500680927,12.06
2.57935674118,12.07
2.59356317377,12.08
2.60762754203,12.09
2.62155126661,12.1
2.63533575394,12.11
2.6489823964,12.12
2.66249257244,12.13
2.67586764672,12.14
2.68910897025,12.15
2.70221788055,12.16
2.71519570174,12.17
2.72804374472,12.18
2.74076330728,12.19
2.7533556742,12.2
2.76582211746,12.21
2.77816389629,12.22
2.79038225732,12.23
2.80247843475,12.24
2.8144536504,12.25
2.8263091139,12.26
2.83804602276,12.27
2.84966556253,12.28
2.86116890691,12.29
2.87255721784,12.3
2.88383164566,12.31
2.8949933292,12.32
2.90604339591,12.33
2.91698296195,12.34
2.92781313233,12.35
2.93853500101,12.36
2.949149651,12.37
2.95965815449,12.38
2.97006157294,12.39
2.98036095721,12.4
2.99055734764,12.41
0.0,12.42
0.04,12.43
0.0796,12.44
0.118804,12.45
0.15761596,12.46
0.1960398004,12.47
0.234079402396,12.48
0.271738608372,12.49
0.309021222288,12.5
0.345931010065,12.51
0.382471699965,12.52
0.418646982965,12.53
0.454460513135,12.54
0.489915908004,12.55
0.525016748924,12.56
0.559766581435,12.57
0.59416891562,12.58
0.628227226464,12.59
0.6619449542,12.6
0.695325504658,12.61
0.728372249611,12.62
0.761088527115,12.63
0.793477641844,12.64
0.825542865425,12.65
0.857287436771,12.66
0.888714562403,12.67
0.919827416779,12.68
0.950629142612,12.69
0.981122851185,12.7
1.01131162267,12.71
1.04119850645,12.72
1.07078652138,12.73
1.10007865617,12.74
1.12907786961,12.75
1.15778709091,12.76
1.18620922,12.77
1.2143471278,12.78
1.24220365652,12.79
1.26978161996,12.8
1.29708380376,12.81
1.32411296572,12.82
1.35087183606,12.83
1.3773631177,12.84
1.40358948653,12.85
1.42955359166,12.86
1.45525805574,12.87
1.48070547519,12.88
1.50589842044,12.89
1.53083943623,12.9
1.55553104187,12.91
1.57997573145,12.92
1.60417597414,12.93
1.62813421439,12.94
1.65185287225,12.95
1.67533434353,12.96
1.69858100009,12.97
1.72159519009,12.98
1.74437923819,12.99
1.76693544581,13.0
1.78926609135,13.01
1.81137343044,13.02
1.83325969613,13.03
1.85492709917,13.04
1.87637782818,13.05
1.8976140499,13.06
1.9186379094,13.07
1.9394515303,13.08
1.960057015,13.09
1.98045644485,13.1
2.0006518804,13.11
2.0206453616,13.12
2.04043890798,13.13
2.0600345189,13.14
2.07943417371,13.15
2.09863983198,13.16
2.11765343366,13.17
2.13647689932,13.18
2.15511213033,13.19
2.17356100902,13.2
2.19182539893,13.21
2.20990714494,13.22
2.2278080735,13.23
2.24552999276,13.24
2.26307469283,13.25
2.2804439459,13.26
2.29763950645,13.27
2.31466311138,13.28
2.33151648027,13.29
2.34820131546,13.3
2.36471930231,13.31
2.38107210929,13.32
2.39726138819,13.33
2.41328877431,13.34
2.42915588657,13.35
2.4448643277,13.36
2.46041568443,13.37
2.47581152758,13.38
2.49105341231,13.39
2.50614287818,13.4
2.5210814494,13.41
2.53587063491,13.42
2.55051192856,13.43
2.56500680927,13.44
2.57935674118,13.45
2.59356317377,13.46
2.60762754203,13.47
2.62155126661,13.48
2.63533575394,13.49
2.6489823964,13.5
2.66249257244,13.51
2.67586764672,13.52
2.68910897025,13.53
2.70221788055,13.54
2.71519570174,13.55
2.72804374472,13.56
2.74076330728,13.57
2.7533556742,13.58
2.76582211746,13.59
2.77816389629,13.6
2.79038225732,13.61
2.80247843475,13.62
2.8144536504,13.63
2.8263091139,13.64
2.83804602276,13.65
2.84966556253,13.66
2.86116890691,13.67
2.87255721784,13.68
2.88383164566,13.69
2.8949933292,13.7
2.90604339591,13.71
2.91698296195,13.72
2.92781313233,13.73
2.93853500101,13.74
2.949149651,13.75
2.95965815449,13.76
2.97006157294,13.77
2.98036095721,13.78
2.99055734764,13.79
0.0,13.8
0.04,13.81
0.0796,13.82
0.118804,13.83
0.15761596,13.84
0.1960398004,13.85
0.234079402396,13.86
0.271738608372,13.87
0.309021222288,13.88
0.345931010065,13.89
0.382471699965,13.9
0.418646982965,13.91
0.454460513135,13.92
0.489915908004,13.93
0.525016748924,13.94
0.559766581435,13.95
0.59416891562,13.96
0.628227226464,13.97
0.6619449542,13.98
0.695325504658,13.99
0.728372249611,14.0
0.761088527115,14.01
0.793477641844,14.02
0.825542865425,14.03
0.857287436771,14.04
0.888714562403,14.05
0.919827416779,14.06
0.950629142612,14.07
0.981122851185,14.08
1.01131162267,14.09
1.04119850645,14.1
1.07078652138,14.11
1.10007865617,14.12
1.12907786961,14.13
1.15778709091,14.14
1.18620922,14.15
1.2143471278,14.16
1.24220365652,14.17
1.26978161996,14.18
1.29708380376,14.19
1.32411296572,14.2
1.35087183606,14.21
1.3773631177,14.22
1.40358948653,14.23
1.42955359166,14.24
1.45525805574,14.25
1.48070547519,14.26
1.50589842044,14.27
1.53083943623,14.28
1.55553104187,14.29
1.57997573145,14.3
1.60417597414,14.31
1.62813421439,14.32
1.65185287225,14.33
1.67533434353,14.34
1.69858100009,14.35
1.72159519009,14.36
1.74437923819,14.37
1.76693544581,14.38
1.78926609135,14.39
1.81137343044,14.4
1.83325969613,14.41
1.85492709917,14.42
1.87637782818,14.43
1.8976140499,14.44
1.9186379094,14.45
1.9394515303,14.46
1.960057015,14.47
1.98045644485,14.48
2.0006518804,14.49
2.0206453616,14.5
2.04043890798,14.51
2.0600345189,14.52
2.07943417371,14.53
2.09863983198,14.54
2.11765343366,14.55
2.13647689932,14.56
2.15511213033,14.57
2.17356100902,14.58
2.19182539893,14.59
2.20990714494,14.6
2.2278080735,14.61
2.24552999276,14.62
2.26307469283,14.63
2.2804439459,14.64
2.29763950645,14.65
2.31466311138,14.66
2.33151648027,14.67
2.34820131546,14.68
2.36471930231,14.69
2.38107210929,14.7
2.39726138819,14.71
2.41328877431,14.72
2.42915588657,14.73
2.4448643277,14.74
2.46041568443,14.75
2.47581152758,14.76
2.49105341231,14.77
2.50614287818,14.78
2.5210814494,14.79
2.53587063491,14.8
2.55051192856,14.81
2.56500680927,14.82
2.57935674118,14.83
2.59356317377,14.84
2.60762754203,14.85
2.62155126661,14.86
2.63533575394,14.87
2.6489823964,14.88
2.66249257244,14.89
2.67586764672,14.9
2.68910897025,14.91
2.70221788055,14.92
2.71519570174,14.93
2.72804374472,14.94
2.74076330728,14.95
2.7533556742,14.96
2.76582211746,14.97
2.77816389629,14.98
2.79038225732,14.99
2.80247843475,15.0
2.8144536504,15.01
2.8263091139,15.02
2.83804602276,15.03
2.84966556253,15.04
2.86116890691,15.05
2.87255721784,15.06
2.88383164566,15.07
2.8949933292,15.08
2.90604339591,15.09
2.91698296195,15.1
2.92781313233,15.11
2.93853500101,15.12
2.949149651,15.13
2.95965815449,15.14
2.97006157294,15.15
2.98036095721,15.16
2.99055734764,15.17
0.0,15.18
0.04,15.19
0.0796,15.2
0.118804,15.21
0.15761596,15.22
0.1960398004,15.23
0.234079402396,15.24
0.271738608372,15.25
0.309021222288,15.26
0.345931010065,15.27
0.382471699965,15.28
0.418646982965,15.29
0.454460513135,15.3
0.489915908004,15.31
0.525016748924,15.32
0.559766581435,15.33
0.59416891562,15.34
0.628227226464,15.35
0.6619449542,15.36
0.695325504658,15.37
0.728372249611,15.38
0.761088527115,15.39
0.793477641844,15.4
0.825542865425,15.41
0.857287436771,15.42
0.888714562403,15.43
0.919827416779,15.44
0.950629142612,15.45
0.981122851185,15.46
1.01131162267,15.47
1.04119850645,15.48
1.07078652138,15.49
1.10007865617,15.5
1.12907786961,15.51
1.15778709091,15.52
1.18620922,15.53
1.2143471278,15.54
1.24220365652,15.55
1.26978161996,15.56
1.29708380376,15.57
1.32411296572,15.58
1.35087183606,15.59
1.3773631177,15.6
1.40358948653,15.61
1.42955359166,15.62
1.45525805574,15.63
1.48070547519,15.64
1.50589842044,15.65
1.53083943623,15.66
1.55553104187,15.67
1.57997573145,15.68
1.60417597414,15.69
1.62813421439,15.7
1.65185287225,15.71
1.67533434353,15.72
1.69858100009,15.73
1.72159519009,15.74
1.74437923819,15.75
1.76693544581,15.76
1.78926609135,15.77
1.81137343044,15.78
1.83325969613,15.79
1.85492709917,15.8
1.87637782818,15.81
1.8976140499,15.82
1.9186379094,15.83
1.9394515303,15.84
1.960057015,15.85
1.98045644485,15.86
2.0006518804,15.87
2.0206453616,15.88
2.04043890798,15.89
2.0600345189,15.9
2.07943417371,15.91
2.09863983198,15.92
2.11765343366,15.93
2.13647689932,15.94
2.15511213033,15.95
2.17356100902,15.96
2.19182539893,15.97
2.20990714494,15.98
2.2278080735,15.99
2.24552999276,16.0
2.26307469283,16.01
2.2804439459,16.02
2.29763950645,16.03
2.31466311138,16.04
2.33151648027,16.05
2.34820131546,16.06
2.36471930231,16.07
2.38107210929,16.08
2.39726138819,16.09
2.41328877431,16.1
2.42915588657,16.11
2.4448643277,16.12
2.46041568443,16.13
2.47581152758,16.14
2.49105341231,16.15
2.50614287818,16.16
2.5210814494,16.17
2.53587063491,16.18
2.55051192856,16.19
2.56500680927,16.2
2.57935674118,16.21
2.59356317377,16.22
2.60762754203,16.23
2.62155126661,16.24
2.63533575394,16.25
2.6489823964,16.26
2.66249257244,16.27
2.67586764672,16.28
2.68910897025,16.29
2.70221788055,16.3
2.71519570174,16.31
2.72804374472,16.32
2.74076330728,16.33
2.7533556742,16.34
2.76582211746,16.35
2.77816389629,16.36
2.79038225732,16.37
2.80247843475,16.38
2.8144536504,16.39
2.8263091139,16.4
2.83804602276,16.41
2.84966556253,16.42
2.86116890691,16.43
2.87255721784,16.44
2.88383164566,16.45
2.8949933292,16.46
2.90604339591,16.47
2.91698296195,16.48
2.92781313233,16.49
2.93853500101,16.5
2.949149651,16.51
2.95965815449,16.52
2.97006157294,16.53
2.98036095721,16.54
2.99055734764,16.55
0.0,16.56
0.04,16.57
0.0796,16.58
0.118804,16.59
0.15761596,16.6
0.1960398004,16.61
0.234079402396,16.62
0.271738608372,16.63
0.309021222288,16.64
0.345931010065,16.65
0.382471699965,16.66
0.418646982965,16.67
0.454460513135,16.68
0.489915908004,16.69
0.525016748924,16.7
0.559766581435,16.71
0.59416891562,16.72
0.628227226464,16.73
0.6619449542,16.74
0.695325504658,16.75
0.728372249611,16.76
0.761088527115,16.77
0.793477641844,16.78
0.825542865425,16.79
0.857287436771,16.8
0.888714562403,16.81
0.919827416779,16.82
0.950629142612,16.83
0.981122851185,16.84
1.01131162267,16.85
1.04119850645,16.86
1.07078652138,16.87
1.10007865617,16.88
1.12907786961,16.89
1.15778709091,16.9
1.18620922,16.91
1.2143471278,16.92
1.24220365652,16.93
1.26978161996,16.94
1.29708380376,16.95
1.32411296572,16.96
1.35087183606,16.97
1.3773631177,16.98
1.40358948653,16.99
1.42955359166,17.0
1.45525805574,17.01
1.48070547519,17.02
1.50589842044,17.03
1.53083943623,17.04
1.55553104187,17.05
1.57997573145,17.06
1.60417597414,17.07
1.62813421439,17.08
1.65185287225,17.09
1.67533434353,17.1
1.69858100009,17.11
1.72159519009,17.12
1.74437923819,17.13
1.76693544581,17.14
1.78926609135,17.15
1.81137343044,17.16
1.83325969613,17.17
1.85492709917,17.18
1.87637782818,17.19
1.8976140499,17.2
1.9186379094,17.21
1.9394515303,17.22
1.960057015,17.23
1.98045644485,17.24
2.0006518804,17.25
2.0206453616,17.26
2.04043890798,17.27
2.0600345189,17.28
2.07943417371,17.29
2.09863983198,17.3
2.11765343366,17.31
2.13647689932,17.32
2.15511213033,17.33
2.17356100902,17.34
2.19182539893,17.35
2.20990714494,17.36
2.2278080735,17.37
2.24552999276,17.38
2.26307469283,17.39
2.2804439459,17.4
2.29763950645,17.41
2.31466311138,17.42
2.33151648027,17.43
2.34820131546,17.44
2.36471930231,17.45
2.38107210929,17.46
2.39726138819,17.47
2.41328877431,17.48
2.42915588657,17.49
2.4448643277,17.5
2.46041568443,17.51
2.47581152758,17.52
2.49105341231,17.53
2.50614287818,17.54
2.5210814494,17.55
2.53587063491,17.56
2.55051192856,17.57
2.56500680927,17.58
2.57935674118,17.59
2.59356317377,17.6
2.60762754203,17.61
2.62155126661,17.62
2.63533575394,17.63
2.6489823964,17.64
2.66249257244,17.65
2.67586764672,17.66
2.68910897025,17.67
2.70221788055,17.68
2.71519570174,17.69
2.72804374472,17.7
2.74076330728,17.71
2.7533556742,17.72
2.76582211746,17.73
2.77816389629,17.74
2.79038225732,17.75
2.80247843475,17.76
2.8144536504,17.77
2.8263091139,17.78
2.83804602276,17.79
2.84966556253,17.8
2.86116890691,17.81
2.87255721784,17.82
2.88383164566,17.83
2.8949933292,17.84
2.90604339591,17.85
2.91698296195,17.86
2.92781313233,17.87
2.93853500101,17.88
2.949149651,17.89
2.95965815449,17.9
2.97006157294,17.91
2.98036095721,17.92
2.99055734764,17.93
0.0,17.94
0.04,17.95
0.0796,17.96
0.118804,17.97
0.15761596,17.98
0.1960398004,17.99
0.234079402396,18.0
0.271738608372,18.01
0.309021222288,18.02
0.345931010065,18.03
0.382471699965,18.04
0.418646982965,18.05
0.454460513135,18.06
0.489915908004,18.07
0.525016748924,18.08
0.559766581435,18.09
0.59416891562,18.1
0.628227226464,18.11
0.6619449542,18.12
0.695325504658,18.13
0.728372249611,18.14
0.761088527115,18.15
0.793477641844,18.16
0.825542865425,18.17
0.857287436771,18.18
0.888714562403,18.19
0.919827416779,18.2
0.950629142612,18.21
0.981122851185,18.22
1.01131162267,18.23
1.04119850645,18.24
1.07078652138,18.25
1.10007865617,18.26
1.12907786961,18.27
1.15778709091,18.28
1.18620922,18.29
1.2143471278,18.3
1.24220365652,18.31
1.26978161996,18.32
1.29708380376,18.33
1.32411296572,18.34
1.35087183606,18.35
1.3773631177,18.36
1.40358948653,18.37
1.42955359166,18.38
1.45525805574,18.39
1.48070547519,18.4
1.50589842044,18.41
1.53083943623,18.42
1.55553104187,18.43
1.57997573145,18.44
1.60417597414,18.45
1.62813421439,18.46
1.65185287225,18.47
1.67533434353,18.48
1.69858100009,18.49
1.72159519009,18.5
1.74437923819,18.51
1.76693544581,18.52
1.78926609135,18.53
1.81137343044,18.54
1.83325969613,18.55
1.85492709917,18.56
1.87637782818,18.57
1.8976140499,18.58
1.9186379094,18.59
1.9394515303,18.6
1.960057015,18.61
1.98045644485,18.62
2.0006518804,18.63
2.0206453616,18.64
2.04043890798,18.65
2.0600345189,18.66
2.07943417371,18.67
2.09863983198,18.68
2.11765343366,18.69
2.13647689932,18.7
2.15511213033,18.71
2.17356100902,18.72
2.19182539893,18.73
2.20990714494,18.74
2.2278080735,18.75
2.24552999276,18.76
2.26307469283,18.77
2.2804439459,18.78
2.29763950645,18.79
2.31466311138,18.8
2.33151648027,18.81
2.34820131546,18.82
2.36471930231,18.83
2.38107210929,18.84
2.39726138819,18.85
2.41328877431,18.86
2.42915588657,18.87
2.4448643277,18.88
2.46041568443,18.89
2.47581152758,18.9
2.49105341231,18.91
2.50614287818,18.92
2.5210814494,18.93
2.53587063491,18.94
2.55051192856,18.95
2.56500680927,18.96
2.57935674118,18.97
2.59356317377,18.98
2.60762754203,18.99
2.62155126661,19.0
2.63533575394,19.01
2.6489823964,19.02
2.66249257244,19.03
2.67586764672,19.04
2.68910897025,19.05
2.70221788055,19.06
2.71519570174,19.07
2.72804374472,19.08
2.74076330728,19.09
2.7533556742,19.1
2.76582211746,19.11
2.77816389629,19.12
2.79038225732,19.13
2.80247843475,19.14
2.8144536504,19.15
2.8263091139,19.16
2.83804602276,19.17
2.84966556253,19.18
2.86116890691,19.19
2.87255721784,19.2
2.88383164566,19.21
2.8949933292,19.22
2.90604339591,19.23
2.91698296195,19.24
2.92781313233,19.25
2.93853500101,19.26
2.949149651,19.27
2.95965815449,19.28
2.97006157294,19.29
2.98036095721,19.3
2.99055734764,19.31
0.0,19.32
0.04,19.33
0.0796,19.34
0.118804,19.35
0.15761596,19.36
0.1960398004,19.37
0.234079402396,19.38
0.271738608372,19.39
0.309021222288,19.4
0.345931010065,19.41
0.382471699965,19.42
0.418646982965,19.43
0.454460513135,19.44
0.489915908004,19.45
0.525016748924,19.46
0.559766581435,19.47
0.59416891562,19.48
0.628227226464,19.49
0.6619449542,19.5
0.695325504658,19.51
0.728372249611,19.52
0.761088527115,19.53
0.793477641844,19.54
0.825542865425,19.55
0.857287436771,19.56
0.888714562403,19.57
0.919827416779,19.58
0.950629142612,19.59
0.981122851185,19.6
1.01131162267,19.61
1.04119850645,19.62
1.07078652138,19.63
1.10007865617,19.64
1.12907786961,19.65
1.15778709091,19.66
1.18620922,19.67
1.2143471278,19.68
1.24220365652,19.69
1.26978161996,19.7
1.29708380376,19.71
1.32411296572,19.72
1.35087183606,19.73
1.3773631177,19.74
1.40358948653,19.75
1.42955359166,19.76
1.45525805574,19.77
1.48070547519,19.78
1.50589842044,19.79
1.53083943623,19.8
1.55553104187,19.81
1.57997573145,19.82
1.60417597414,19.83
1.62813421439,19.84
1.65185287225,19.85
1.67533434353,19.86
1.69858100009,19.87
1.72159519009,19.88
1.74437923819,19.89
1.76693544581,19.9
1.78926609135,19.91
1.81137343044,19.92
1.83325969613,19.93
1.85492709917,19.94
1.87637782818,19.95
1.8976140499,19.96
1.9186379094,19.97
1.9394515303,19.98
1.960057015,19.99
